<scene>
      <group>
            <!-- Sun -->
            <models>
                  <model file="primitives/sphere.3d" texture="planets/sun.jpg"/>
            </models>
            <group>
                  <!-- Sky -->
                  <scale X="300" Y="300" Z="300" />
                  <models>
                        <model file="primitives/sphere.3d" texture="planets/sky.jpg" />
                  </models>
            </group>
            <group>
                  <!-- Cometa -->
                  <translate time="10000000">
                        <point X="-20" Y="0" Z="-20" />
                        <point X="-20" Y="0" Z="20" />
                        <point X="20" Y="0" Z="20" />
                        <point X="10" Y="0" Z="0" />
                        <point X="20" Y="0" Z="-20" />
                  </translate >
                  <scale X="0.40" Y="0.40" Z="0.40" />
                  <models>
                        <model file="primitives/teapotBezier.3d"/>
                  </models>
            </group>
            <group>
                  <!-- Mercurio-->
                  <translate time="879690.02">
                        <point X="6.981690" Y="0.000000" Z="0.000000" />
                        <point X="3.841274" Y="0.000000" Z="-3.841274" />
                        <point X="0.000000" Y="0.000000" Z="-4.600120" />
                        <point X="-3.841274" Y="0.000000" Z="-3.841274" />
                        <point X="-6.981690" Y="0.000000" Z="0.000000" />
                        <point X="-3.841274" Y="0.000000" Z="3.841274" />
                        <point X="0.000000" Y="0.000000" Z="4.600120" />
                        <point X="3.841274" Y="0.000000" Z="3.841274" />
                  </translate >
                  <scale X="0.20" Y="0.20" Z="0.20" />
                  <rotate axisX="0.0" axisY="1.0" axisZ="0.1" time="14070000" />
                  <models>
                        <model file="primitives/sphere.3d" texture="planets/mercury.jpg"/>
                  </models>
            </group>
            <group>
                  <!-- Venus -->
                  <translate time="2247010.04">
                        <point X="10.894200" Y="0.000000" Z="0.000000" />
                        <point X="7.651005" Y="0.000000" Z="-7.651005" />
                        <point X="0.000000" Y="0.000000" Z="-10.747600" />
                        <point X="-7.651005" Y="0.000000" Z="-7.651005" />
                        <point X="-10.894200" Y="0.000000" Z="0.000000" />
                        <point X="-7.651005" Y="0.000000" Z="7.651005" />
                        <point X="0.000000" Y="0.000000" Z="10.747600" />
                        <point X="7.651005" Y="0.000000" Z="7.651005" />
                  </translate >
                  <scale X="0.35" Y="0.35" Z="0.35" />
                  <rotate axisX="0.0" axisY="1.0" axisZ="0.2" time="240000" />
                  <models>
                        <model file="primitives/sphere.3d" texture="planets/venus.jpg"/>
                  </models>
            </group>
            <group>
                  <!-- Terra -->
                  <translate time="3652563.78">
                        <point X="15.209824" Y="0.000000" Z="0.000000" />
                        <point X="10.573764" Y="0.000000" Z="-10.573765" />
                        <point X="0.000000" Y="0.000000" Z="-14.709829" />
                        <point X="-10.573764" Y="0.000000" Z="-10.573765" />
                        <point X="-15.209824" Y="0.000000" Z="0.000000" />
                        <point X="-10.573764" Y="0.000000" Z="10.573765" />
                        <point X="0.000000" Y="0.000000" Z="14.709829" />
                        <point X="10.573764" Y="0.000000" Z="10.573765" />
                  </translate >
                  <rotate axisX="0.0" axisY="1.0" axisZ="0.3" time="240000" />
                  <scale X="0.40" Y="0.40" Z="0.40" />
                  <models>
                        <model file="primitives/sphere.3d" texture="planets/earth.jpg" />
                  </models>
                  <group>
                        <!-- Lua -->
                        <!--rotate axisX="0.0" axisY="0.0" axisZ="1.0" angle="-23.45" -->
                        <translate time="2732100">
                              <point X="5.0" Y="0.0" Z="0.000000" />
                              <point X="3.54" Y="0.0" Z="-3.54" />
                              <point X="0.0" Y="0.0" Z="-5.0" />
                              <point X="-3.54" Y="0.0" Z="-3.54" />
                              <point X="-5.0" Y="0.0" Z="0.0" />
                              <point X="-3.54" Y="0.0" Z="3.54" />
                              <point X="0.0" Y="0.0" Z="5.0" />
                              <point X="3.54" Y="0.0" Z="3.54" />
                        </translate>
                        <scale X="0.3" Y="0.3" Z="0.3" />
                        <models>
                              <model file="primitives/sphere.3d" texture="planets/moon.jpg" />
                        </models>
                  </group>
            </group>
            <group>
                  <!-- Marte -->
                  <translate time="6869710.08">
                        <point X="24.920931" Y="0.000000" Z="0.000000" />
                        <point X="15.908272" Y="0.000000" Z="-15.908272" />
                        <point X="0.000000" Y="0.000000" Z="-20.666901" />
                        <point X="-15.908272" Y="0.000000" Z="-15.908272" />
                        <point X="-24.920931" Y="0.000000" Z="0.000000" />
                        <point X="-15.908272" Y="0.000000" Z="15.908272" />
                        <point X="0.000000" Y="0.000000" Z="20.666901" />
                        <point X="15.908272" Y="0.000000" Z="15.908272" />
                  </translate >
                  <scale X="0.25" Y="0.25" Z="0.25" />
                  <rotate axisX="0.0" axisY="1.0" axisZ="0.0" time="240000" />
                  <models>
                        <model file="primitives/sphere.3d" texture="planets/mars.jpg" />
                  </models>
            </group>
            <group>
                  <!-- Jupiter -->
                  <translate time="43315717.77">
                        <point X="54.434719" Y="0.000000" Z="0.000000" />
                        <point X="36.570278" Y="0.000000" Z="-36.570282" />
                        <point X="0.000000" Y="0.000000" Z="-49.371571" />
                        <point X="-36.570278" Y="0.000000" Z="-36.570282" />
                        <point X="-54.434719" Y="0.000000" Z="0.000000" />
                        <point X="-36.570278" Y="0.000000" Z="36.570282" />
                        <point X="0.000000" Y="0.000000" Z="49.371571" />
                        <point X="36.570278" Y="0.000000" Z="36.570282" />
                  </translate >
                  <scale X="0.84" Y="0.84" Z="0.84" />
                  <rotate axisX="0.0" axisY="1.0" axisZ="0.0" time="240000" />
                  <models>
                        <model file="primitives/sphere.3d" texture="planets/jupiter.jpg"/>
                  </models>
                  <group>
                        <!-- Europa -->
                        <rotate axisX="0.0" axisY="0.0" axisZ="1.0" angle="-23.45" />
                        <translate time="2732160">
                              <point X="0.0" Y="0.000000" Z="6.05696 " />
                              <point X="6.63104" Y="0.000000" Z="0.0" />
                              <point X="0.0" Y="0.000000" Z="-6.05696" />
                              <point X="-6.63104" Y="0.000000" Z="0.0" />
                        </translate>
                        <scale X="0.25" Y="0.25" Z="0.25" />
                        <models>
                              <model file="primitives/sphere.3d" texture="planets/europa.jpg"/>
                        </models>
                  </group>
                  <group>
                        <!-- Calisto -->
                        <rotate axisX="0.0" axisY="0.0" axisZ="1.0" angle="-23.45" />
                        <translate time="5000000">
                              <point X="0.0" Y="0.000000" Z="10.05696 " />
                              <point X="10.63104" Y="0.000000" Z="0.0" />
                              <point X="0.0" Y="0.000000" Z="-10.05696" />
                              <point X="-10.63104" Y="0.000000" Z="0.0" />
                        </translate>
                        <scale X="0.3" Y="0.3" Z="0.3" />
                        <models>
                              <model file="primitives/sphere.3d" texture="planets/calisto.jpg" />
                        </models>
                  </group>
            </group>
            <group>
                  <!-- Saturno -->
                  <translate time="107592197.27">
                        <point X="100.888390" Y="0.000000" Z="0.000000" />
                        <point X="67.259293" Y="0.000000" Z="-67.259285" />
                        <point X="0.000000" Y="0.000000" Z="-90.238197" />
                        <point X="-67.259293" Y="0.000000" Z="-67.259285" />
                        <point X="-100.888390" Y="0.000000" Z="0.000000" />
                        <point X="-67.259293" Y="0.000000" Z="67.259285" />
                        <point X="0.000000" Y="0.000000" Z="90.238197" />
                        <point X="67.259293" Y="0.000000" Z="67.259285" />
                  </translate >
                  <scale X="0.75" Y="0.75" Z="0.75" />
                  <rotate axisX="0.0" axisY="0.0" axisZ="1.0" angle="26.73" />
                  <models>
                        <model file="primitives/sphere.3d" texture="planets/saturn.jpg"/>
                  </models>
            </group>
            <group>
                  <!-- Urano -->
                  <translate time="307990957.03">
                        <point X="200.294632" Y="0.000000" Z="0.000000" />
                        <point X="135.207306" Y="0.000000" Z="-135.207321" />
                        <point X="0.000000" Y="0.000000" Z="-183.262573" />
                        <point X="-135.207306" Y="0.000000" Z="-135.207321" />
                        <point X="-200.294632" Y="0.000000" Z="0.000000" />
                        <point X="-135.207306" Y="0.000000" Z="135.207321" />
                        <point X="0.000000" Y="0.000000" Z="183.262573" />
                        <point X="135.207306" Y="0.000000" Z="135.207321" />
                  </translate >
                  <scale X="0.55" Y="0.55" Z="0.55" />
                  <rotate axisX="0.0" axisY="1.0" axisZ="0.0" time="240000" />
                  <models>
                        <model file="primitives/sphere.3d" texture="planets/uranus.jpg" />
                  </models>
            </group>
            <group>
                  <!-- Neptuno -->
                  <translate time="601900312.50">
                        <point X="303.596436" Y="0.000000" Z="0.000000" />
                        <point X="212.254333" Y="0.000000" Z="-212.254333" />
                        <point X="0.000000" Y="0.000000" Z="-296.862732" />
                        <point X="-212.254333" Y="0.000000" Z="-212.254333" />
                        <point X="-303.596436" Y="0.000000" Z="0.000000" />
                        <point X="-212.254333" Y="0.000000" Z="212.254333" />
                        <point X="0.000000" Y="0.000000" Z="296.862732" />
                        <point X="212.254333" Y="0.000000" Z="212.254333" />
                  </translate >
                  <scale X="0.60" Y="0.60" Z="0.60" />
                  <rotate axisX="0.0" axisY="1.0" axisZ="0.0" time="240000" />
                  <models>
                        <model file="primitives/sphere.3d" texture="planets/neptune.jpg" />
                  </models>
            </group>
      </group>
</scene>

