<scene>
      <group>
            <!-- Sun -->
            <models>
                  <model file="sphere.3d" />
            </models>
            <group>
                  <!-- Mercury -->
                  <translate X="2.79" Z="0" />
                  <scale X="0.10" Y="0.10" Z="0.10" />
                  <rotate axisX="0.0" axisY="0.0" axisZ="1.0" angle="0.0"  />
                  <models>
                        <model file="sphere.3d" />
                  </models>
            </group>
            <group>
                  <!-- Venus -->
                  <translate X="5.82" Z="0" />
                  <scale X="0.14" Y="0.14" Z="0.14" />
                  <rotate axisX="0.0" axisY="0.0" axisZ="1.0" angle="177.4"  />
                  <models>
                        <model file="sphere.3d" />
                  </models>
            </group>
            <group>
                  <!-- Terra -->
                  <translate X="7.96" Z="0" />
                  <scale X="0.15" Y="0.15" Z="0.15" />
                  <rotate axisX="0.0" axisY="0.0" axisZ="1.0" angle="23.45"  />
                  <models>
                        <model file="sphere.3d" />
                  </models>
                  <group>
                        <!-- Lua -->
                        <rotate axisX="0.0" axisY="0.0" axisZ="1.0" angle="-23.45"  />
                        <translate X="3.0" Z="0.0" />
                        <scale X="0.3" Y="0.3" Z="0.3" />
                        <models>
                              <model file="sphere.3d" />
                        </models>
                  </group>
            </group>
            <group>
                  <!-- Marte -->
                  <translate X="11.79" Z="0" />
                  <scale X="0.6" Y="0.6" Z="0.6" />
                  <rotate axisX="0.0" axisY="0.0" axisZ="1.0" angle="23.98"  />
                  <models>
                        <model file="sphere.3d" />
                  </models>
            </group>
            <group>
                  <!-- Jupiter -->
                  <translate X="35.83" Z="0" />
                  <scale X="0.4" Y="0.4" Z="0.4" />
                  <rotate axisX="0.0" axisY="0.0" axisZ="1.0" angle="3.08"  />
                  <models>
                        <model file="sphere.3d" />
                  </models>
            </group>
            <group>
                  <!-- Saturno -->
                  <translate X="71.70" Z="0" />
                  <scale X="0.35" Y="0.35" Z="0.35" />
                  <rotate axisX="0.0" axisY="0.0" axisZ="1.0" angle="26.73"  />
                  <models>
                        <model file="sphere.3d" />
                  </models>
            </group>
            <group>
                  <!-- Urano -->
                  <translate X="144.10" Z="0" />
                  <scale X="0.20" Y="0.20" Z="0.20" />
                  <rotate axisX="0.0" axisY="0.0" axisZ="1.0" angle="97.92"  />
                  <models>
                        <model file="sphere.3d" />
                  </models>
            </group>
            <group>
                  <!-- Neptuno -->
                  <translate X="249.71" Z="0" />
                  <scale X="0.27" Y="0.27" Z="0.27" />
                  <rotate axisX="0.0" axisY="0.0" axisZ="1.0" angle="29.96"  />
                  <models>
                        <model file="sphere.3d" />
                  </models>
            </group>
      </group>
</scene>

